roll_no,full_name,institute_email,programme,branch,graduating_batch,gender,current_cgpa,ongoing_backlogs,total_backlogs,tenth_percent,twelfth_percent,date_of_birth,personal_email,phone,category,pwd,home_state
26QA0001,Arjun Eligible,26qa0001@students.qa.test,B.Tech (4 Year) / B.Tech Double Major (5 Year) / B.Tech-M.Tech Dual Degree (5 Year),Computer Science & Engineering,2027,male,8.50,0,0,90,88,2004-05-17,personal0001@personal.qa.test,9876543210,GEN,no,Jharkhand
26QA0002,Bharat Lowcgpa,26qa0002@students.qa.test,B.Tech (4 Year) / B.Tech Double Major (5 Year) / B.Tech-M.Tech Dual Degree (5 Year),Computer Science & Engineering,2027,male,6.20,0,0,90,88,2004-05-17,personal0002@personal.qa.test,9876543210,GEN,no,Jharkhand
26QA0003,Chetan Backlog,26qa0003@students.qa.test,B.Tech (4 Year) / B.Tech Double Major (5 Year) / B.Tech-M.Tech Dual Degree (5 Year),Computer Science & Engineering,2027,male,8.50,1,2,90,88,2004-05-17,personal0003@personal.qa.test,9876543210,GEN,no,Jharkhand
26QA0004,Dev Totalbacklog,26qa0004@students.qa.test,B.Tech (4 Year) / B.Tech Double Major (5 Year) / B.Tech-M.Tech Dual Degree (5 Year),Computer Science & Engineering,2027,male,8.50,0,1,90,88,2004-05-17,personal0004@personal.qa.test,9876543210,GEN,no,Jharkhand
26QA0005,Esha Female,26qa0005@students.qa.test,B.Tech (4 Year) / B.Tech Double Major (5 Year) / B.Tech-M.Tech Dual Degree (5 Year),Computer Science & Engineering,2027,female,8.50,0,0,90,88,2004-05-17,personal0005@personal.qa.test,9876543210,GEN,no,Jharkhand
26QA0006,Farhan Otherbranch,26qa0006@students.qa.test,B.Tech (4 Year) / B.Tech Double Major (5 Year) / B.Tech-M.Tech Dual Degree (5 Year),Mechanical Engineering,2027,male,8.50,0,0,90,88,2004-05-17,personal0006@personal.qa.test,9876543210,GEN,no,Jharkhand
26QA0007,Gopal Wrongbatch,26qa0007@students.qa.test,B.Tech (4 Year) / B.Tech Double Major (5 Year) / B.Tech-M.Tech Dual Degree (5 Year),Computer Science & Engineering,2028,male,8.50,0,0,90,88,2004-05-17,personal0007@personal.qa.test,9876543210,GEN,no,Jharkhand
26QA0008,Hari Lowtenth,26qa0008@students.qa.test,B.Tech (4 Year) / B.Tech Double Major (5 Year) / B.Tech-M.Tech Dual Degree (5 Year),Computer Science & Engineering,2027,male,8.50,0,0,55,88,2004-05-17,personal0008@personal.qa.test,9876543210,GEN,no,Jharkhand
26QA0009,Ishan Notenrolled,26qa0009@students.qa.test,B.Tech (4 Year) / B.Tech Double Major (5 Year) / B.Tech-M.Tech Dual Degree (5 Year),Computer Science & Engineering,2027,male,8.50,0,0,90,88,2004-05-17,personal0009@personal.qa.test,9876543210,GEN,no,Jharkhand
26QA0010,Jatin Suspended,26qa0010@students.qa.test,B.Tech (4 Year) / B.Tech Double Major (5 Year) / B.Tech-M.Tech Dual Degree (5 Year),Computer Science & Engineering,2027,male,8.50,0,0,90,88,2004-05-17,personal0010@personal.qa.test,9876543210,GEN,no,Jharkhand
26QA0011,Kabir Debarred,26qa0011@students.qa.test,B.Tech (4 Year) / B.Tech Double Major (5 Year) / B.Tech-M.Tech Dual Degree (5 Year),Computer Science & Engineering,2027,male,8.50,0,0,90,88,2004-05-17,personal0011@personal.qa.test,9876543210,GEN,no,Jharkhand
26QA0012,Lakshya Placedft,26qa0012@students.qa.test,B.Tech (4 Year) / B.Tech Double Major (5 Year) / B.Tech-M.Tech Dual Degree (5 Year),Computer Science & Engineering,2027,male,8.50,0,0,90,88,2004-05-17,personal0012@personal.qa.test,9876543210,GEN,no,Jharkhand
26QA0013,Manav Internonly,26qa0013@students.qa.test,B.Tech (4 Year) / B.Tech Double Major (5 Year) / B.Tech-M.Tech Dual Degree (5 Year),Computer Science & Engineering,2027,male,8.50,0,0,90,88,2004-05-17,personal0013@personal.qa.test,9876543210,GEN,no,Jharkhand
26QA0014,Nikhil Internperf,26qa0014@students.qa.test,B.Tech (4 Year) / B.Tech Double Major (5 Year) / B.Tech-M.Tech Dual Degree (5 Year),Computer Science & Engineering,2027,male,8.50,0,0,90,88,2004-05-17,personal0014@personal.qa.test,9876543210,GEN,no,Jharkhand
26QA0015,Om Ppooffered,26qa0015@students.qa.test,B.Tech (4 Year) / B.Tech Double Major (5 Year) / B.Tech-M.Tech Dual Degree (5 Year),Computer Science & Engineering,2027,male,8.50,0,0,90,88,2004-05-17,personal0015@personal.qa.test,9876543210,GEN,no,Jharkhand
26QA0016,Priya Lowtwelfth,26qa0016@students.qa.test,B.Tech (4 Year) / B.Tech Double Major (5 Year) / B.Tech-M.Tech Dual Degree (5 Year),Computer Science & Engineering,2027,female,8.50,0,0,90,59,2004-05-17,personal0016@personal.qa.test,9876543210,GEN,no,Jharkhand
