PROJECT_CONTEXT.md:250	gmail app password (4x4)		co…em (len=19)
PROJECT_CONTEXT.md:982	password literal	password' =>	<short>
PHASE2_IMPLEMENTATION_SPEC.md:35	gmail app password (4x4)		us…is (len=19)
SETUP_GUIDE.md:89	gmail app password (4x4)		th…ck (len=19)
CDC/QA_REPORT.md:46	env-style secret	ADMIN_PASSWORD	pa…`, (len=13)
CDC/frontend/.env.local:3	[git-ignored] env-style secret	NEXTAUTH_SECRET	de…90 (len=38)
CDC/frontend/app/company/register/page.tsx:333	gmail app password (4x4)		sa…ey (len=19)
CDC/qa/results.md:22	env-style secret	ADMIN_PASSWORD	pa…3; (len=12)
CDC/backend/.env:3	[git-ignored] APP_KEY	APP_KEY	ba…E= (len=51)
CDC/backend/.env:57	[git-ignored] gmail app password (4x4)		jv…es (len=19)
CDC/backend/.env:72	[git-ignored] env-style secret	ADMIN_PASSWORD	pa…23 (len=11)
CDC/backend/database/seeders/CompanySeeder.php:45	password literal	password' =>	pa…23 (len=11)
CDC/backend/bootstrap/cache/services.php:195	[git-ignored] password literal	password' =>	Il…er (len=57)
CDC/backend/app/Models/User.php:56	password literal	password' =>	<short>
CDC/backend/app/Models/User.php:96	password literal	password	/a…rd (len=20)
CDC/backend/config/auth.php:87	gmail app password (4x4)		th…me (len=19)
CDC/backend/resources/views/emails/recruiter-email-verification-link.blade.php:16	gmail app password (4x4)		th…ur (len=19)
CDC/backend/resources/views/emails/password-reset-link.blade.php:16	gmail app password (4x4)		th…ur (len=19)
CDC/backend/tests/Feature/AuthEdgeCasesTest.php:22	password literal	password' =>	se…23 (len=9)
CDC/backend/tests/Feature/AuthEdgeCasesTest.php:29	password literal	password' =>	wr…rd (len=14)
CDC/backend/tests/Feature/CompanyRegistrationNotificationTest.php:48	password literal	password' =>	Se…3! (len=10)
CDC/backend/tests/Feature/Phase2FoundationsTest.php:41	password literal	password' =>	Pa…23 (len=11)
CDC/backend/tests/Feature/Phase2FoundationsTest.php:99	password literal	password' =>	wh…er (len=8)
CDC/backend/tests/Feature/Phase2FoundationsTest.php:110	password literal	password' =>	se…23 (len=9)
CDC/backend/tests/Feature/Phase2FoundationsTest.php:117	password literal	password' =>	se…23 (len=9)
CDC/backend/tests/Feature/AdminStudentTest.php:136	password literal	password' =>	Se…23 (len=9)
CDC/backend/tests/Feature/AdminStudentTest.php:145	password literal	password' =>	Se…23 (len=9)
CDC/backend/tests/Feature/QA/S0FoundationTest.php:158	password literal	password' =>	Pa…23 (len=11)
CDC/backend/tests/Feature/QA/S0FoundationTest.php:337	password literal	password' =>	Se…23 (len=9)
CDC/backend/tests/Feature/QA/S0FoundationTest.php:338	password literal	password' =>	Se…23 (len=9)
CDC/backend/tests/Feature/QA/S0FoundationTest.php:339	password literal	password' =>	Se…23 (len=9)
CDC/backend/tests/Feature/QA/PermissionMatrixTest.php:239	password literal	password' =>	<short>
CDC/backend/tests/Feature/QA/PermissionMatrixTest.php:245	password literal	password' =>	wr…ff (len=9)
CDC/backend/tests/Feature/QA/PermissionMatrixTest.php:249	password literal	password' =>	wr…ip (len=19)
CDC/backend/tests/Feature/QA/FixF011InviteExpiryTest.php:44	password literal	password' =>	Ne…23 (len=10)
CDC/backend/tests/Feature/QA/S1StudentAccountsTest.php:515	password literal	password' =>	Se…23 (len=9)
CDC/backend/tests/Feature/QA/S1StudentAccountsTest.php:519	password literal	password' =>	No…45 (len=9)
CDC/backend/tests/Feature/QA/S1StudentAccountsTest.php:520	password literal	password' =>	Se…23 (len=9)
CDC/backend/tests/Feature/QA/S1StudentAccountsTest.php:528	password literal	password' =>	No…45 (len=9)
CDC/backend/tests/Feature/QA/S1StudentAccountsTest.php:535	password literal	password' =>	Se…23 (len=9)
CDC/backend/tests/Feature/QA/S1StudentAccountsTest.php:536	password literal	password' =>	Se…23 (len=9)
CDC/backend/tests/Feature/QA/S1StudentAccountsTest.php:538	password literal	password' =>	Se…23 (len=9)
CDC/backend/tests/Feature/QA/S1StudentAccountsTest.php:574	password literal	password' =>	Ne…23 (len=10)
CDC/backend/tests/Feature/QA/S1StudentAccountsTest.php:575	password literal	password' =>	Ne…23 (len=10)
CDC/backend/tests/Feature/QA/S1StudentAccountsTest.php:591	password literal	password' =>	Ne…23 (len=10)
CDC/backend/tests/Feature/QA/S1StudentAccountsTest.php:605	password literal	password' =>	Ne…23 (len=10)
CDC/backend/tests/Feature/QA/S1StudentAccountsTest.php:947	password literal	password' =>	Se…23 (len=9)
CDC/backend/tests/Feature/QA/S1StudentAccountsTest.php:970	password literal	password' =>	Se…23 (len=9)
CDC/backend/tests/Feature/QA/S1StudentAccountsTest.php:980	password literal	password' =>	Se…23 (len=9)
CDC/backend/tests/Feature/QA/S1StudentAccountsTest.php:997	password literal	password' =>	Se…23 (len=9)
