2ee8413	SETUP_GUIDE.md	gmail app password (4x4)		th…ck (len=19)
bdd5af9	CDC/backend/tests/Feature/Phase2FoundationsTest.php	password literal	password' =>	Pa…23 (len=11)
bdd5af9	CDC/backend/tests/Feature/Phase2FoundationsTest.php	password literal	password' =>	wh…er (len=8)
bdd5af9	CDC/backend/tests/Feature/Phase2FoundationsTest.php	password literal	password' =>	se…23 (len=9)
bdd5af9	PHASE2_IMPLEMENTATION_SPEC.md	gmail app password (4x4)		us…is (len=19)
bdd5af9	PROJECT_CONTEXT.md	gmail app password (4x4)		co…em (len=19)
bdd5af9	PROJECT_CONTEXT.md	password literal	password' =>	<short>
237afaa	CDC/backend/.env.example	env-style secret	ADMIN_PASSWORD	pa…23 (len=11)
237afaa	CDC/backend/tests/Feature/CompanyRegistrationNotificationTest.php	password literal	password' =>	Se…3! (len=10)
238560d	CDC/SETUP_GUIDE.md	env-style secret	NEXTAUTH_SECRET	de…90 (len=38)
238560d	CDC/backend/.env.example	APP_KEY	APP_KEY	ba…w= (len=51)
238560d	CDC/backend/.env.example	gmail app password (4x4)		jv…es (len=19)
238560d	CDC/backend/app/Models/User.php	password literal	password' =>	<short>
238560d	CDC/backend/config/auth.php	gmail app password (4x4)		th…me (len=19)
238560d	CDC/backend/database/seeders/CompanySeeder.php	password literal	password' =>	pa…23 (len=11)
238560d	CDC/backend/resources/views/emails/password-reset-link.blade.php	gmail app password (4x4)		th…ur (len=19)
238560d	CDC/backend/resources/views/emails/recruiter-email-verification-link.blade.php	gmail app password (4x4)		th…ur (len=19)
238560d	CDC/backend/tests/Feature/AuthEdgeCasesTest.php	password literal	password' =>	se…23 (len=9)
238560d	CDC/backend/tests/Feature/AuthEdgeCasesTest.php	password literal	password' =>	wr…rd (len=14)
238560d	CDC/backend/tests/Feature/CompanyRegistrationNotificationTest.php	password literal	password' =>	Se…23 (len=9)
238560d	CDC/docs/API.md	password literal	password	Ne…23 (len=16)
238560d	CDC/frontend/app/company/register/page.tsx	gmail app password (4x4)		sa…ey (len=19)
238560d	SETUP_GUIDE.md	env-style secret	NEXTAUTH_SECRET	de…90 (len=38)
238560d	docs/API.md	password literal	password	Ne…23 (len=16)
